Date,BTC/USD,DXY,Fear and Greed Index
2/6/2018,7737.37,89.674,8
2/7/2018,7588.01,90.34,36
2/8/2018,8259.76,90.278,30
2/9/2018,8693.98,90.324,44
2/10/2018,8560,90.224,54
2/11/2018,8067,90.124,31
2/12/2018,8899,90.108,42
2/13/2018,8522.99,89.734,35
2/14/2018,9490.98,89.007,55
2/15/2018,10018,88.618,71
2/16/2018,10196,89.076,67
2/17/2018,11101,89.076,74
2/18/2018,10421.06,89.076,63
2/19/2018,11173,89.187,67
2/20/2018,11233.41,89.728,74
2/21/2018,10449.4,90.124,54
2/22/2018,9843.34,89.716,44
2/23/2018,10166.1,89.884,39
2/24/2018,9689.99,89.884,31
2/25/2018,9590.04,89.884,33
2/26/2018,10324.7,89.875,37
2/27/2018,10566.3,90.364,44
2/28/2018,10314.9,90.655,41
3/1/2018,10903.13,90.243,38
3/2/2018,11029.99,89.977,47
3/3/2018,11445,89.977,56
3/4/2018,11463.27,89.977,44
3/5/2018,11419.24,90,55
3/6/2018,10723.76,89.43,59
3/7/2018,9913.03,89.593,37
3/8/2018,9285.32,90.119,39
3/9/2018,9230,90.103,37
3/10/2018,8791.47,90.003,39
3/11/2018,9535.04,89.903,40
3/12/2018,9120.75,89.929,41
3/13/2018,9142.32,89.684,41
3/14/2018,8196.69,89.784,40
3/15/2018,8265.05,90.125,32
3/16/2018,8258.54,90.186,33
3/17/2018,7860.83,90.086,31
3/18/2018,8188.24,89.986,29
3/19/2018,8596.93,89.927,29
3/20/2018,8904.02,90.415,37
3/21/2018,8893.79,89.7,36
3/22/2018,8704.67,89.815,36
3/23/2018,8920.79,89.484,28
3/24/2018,8547,89.384,32
3/25/2018,8453.9,89.284,30
3/26/2018,8149.66,89.074,31
3/27/2018,7791.7,89.329,24
3/28/2018,7932.41,90.079,24
3/29/2018,7088.38,90.094,18
3/30/2018,6850,89.974,12
3/31/2018,6928.62,89.974,16
4/1/2018,6813.52,89.974,16
4/2/2018,7052.76,90.023,11
4/3/2018,7416.27,90.177,22
4/4/2018,6799.95,90.12,22
4/5/2018,6771.69,90.449,17
4/6/2018,6618.33,90.072,19
4/7/2018,6904.9,89.972,20
4/8/2018,7027.26,89.872,17
4/9/2018,6780.1,89.83,21
4/10/2018,6835.67,89.622,18
4/11/2018,6940.94,89.511,20
4/12/2018,7923.78,89.764,18
4/13/2018,7896.92,89.77,23
4/14/2018,8000.41,89.67,24
4/15/2018,8354.22,89.57,25
4/16/2018,8048.15,89.432,24
4/17/2018,7890.87,89.481,26
4/18/2018,8172.84,89.608,24
4/19/2018,8271.31,89.902,25
4/20/2018,8861,90.264,26
4/21/2018,8920.71,90.464,32
4/22/2018,8789.96,90.664,31
4/23/2018,8946.95,90.929,28
4/24/2018,9648,90.796,29
4/25/2018,8864.99,91.255,64
4/26/2018,9274.48,91.579,47
4/27/2018,8921.43,91.529,55
4/28/2018,9345.11,91.629,54
4/29/2018,9393.99,91.729,61
4/30/2018,9242.17,91.817,59
5/1/2018,9066.9,92.457,56
5/2/2018,9222,92.709,52
5/3/2018,9732.43,92.435,55
5/4/2018,9696.57,92.569,56
5/5/2018,9823.28,92.669,63
5/6/2018,9623.54,92.769,67
5/7/2018,9359.52,92.768,56
5/8/2018,9167.69,93.082,62
5/9/2018,9308.49,93.123,53
5/10/2018,9020.99,92.72,63
5/11/2018,8411.42,92.554,41
5/12/2018,8481.6,92.554,44
5/13/2018,8696.58,92.554,40
5/14/2018,8674.36,92.669,40
5/15/2018,8474.99,93.284,40
5/16/2018,8346.59,93.322,32
5/17/2018,8067.03,93.472,31
5/18/2018,8248.87,93.664,37
5/19/2018,8231.2,93.664,31
5/20/2018,8518.48,93.664,32
5/21/2018,8391.76,93.539,41
5/22/2018,7984.08,93.593,30
5/23/2018,7502.89,93.947,26
5/24/2018,7586.88,93.776,27
5/25/2018,7471.18,94.253,25
5/26/2018,7335.99,94.353,23
5/27/2018,7347.39,94.453,19
5/28/2018,7112.5,94.417,22
5/29/2018,7469.45,94.826,16
5/30/2018,7375.73,94.067,38
5/31/2018,7492.28,93.977,25
6/1/2018,7511.6,94.156,24
6/2/2018,7642,94.156,27
6/3/2018,7703.67,94.156,40
6/4/2018,7488.26,94.036,41
6/5/2018,7617.98,93.876,26
6/6/2018,7658.57,93.614,42
6/7/2018,7689.28,93.439,38
6/8/2018,7618.11,93.535,40
6/9/2018,7492.7,93.535,39
6/10/2018,6781.17,93.535,24
6/11/2018,6880.61,93.605,15
6/12/2018,6557.67,93.822,19
6/13/2018,6307.4,93.546,19
6/14/2018,6646.1,94.873,17
6/15/2018,6390.6,94.788,26
6/16/2018,6487.92,94.788,22
6/17/2018,6453.41,94.788,23
6/18/2018,6707.5,94.76,27
6/19/2018,6736.52,95.014,32
6/20/2018,6756.58,95.124,34
6/21/2018,6718.33,94.862,37
6/22/2018,6050.45,94.52,28
6/23/2018,6177.38,94.42,17
6/24/2018,6153.4,94.32,15
6/25/2018,6253.61,94.288,16
6/26/2018,6068,94.667,21
6/27/2018,6135.64,95.291,18
6/28/2018,5848.33,95.316,20
6/29/2018,6204.24,94.47,16
6/30/2018,6385.71,94.57,22
7/1/2018,6349.99,94.67,27
7/2/2018,6612.98,94.869,27
7/3/2018,6507.99,94.591,31
7/4/2018,6584.25,94.535,33
7/5/2018,6533.69,94.398,37
7/6/2018,6596.53,93.963,34
7/7/2018,6759.99,93.963,34
7/8/2018,6706.6,93.963,38
7/9/2018,6666.75,94.076,39
7/10/2018,6299.46,94.154,37
7/11/2018,6380,94.718,29
7/12/2018,6243.88,94.828,33
7/13/2018,6215.59,94.677,29
7/14/2018,6243.98,94.577,29
7/15/2018,6349.3,94.477,32
7/16/2018,6721.04,94.511,36
7/17/2018,7310.71,94.985,39
7/18/2018,7374.88,95.087,42
7/19/2018,7471.42,95.158,44
7/20/2018,7330.84,94.476,47
7/21/2018,7409.92,94.576,43
7/22/2018,7396.6,94.676,46
7/23/2018,7719.62,94.63,44
7/24/2018,8403.83,94.613,49
7/25/2018,8174.06,94.229,54
7/26/2018,7926,94.777,53
7/27/2018,8183.05,94.669,47
7/28/2018,8237.74,94.569,54
7/29/2018,8216.74,94.469,54
7/30/2018,8160.21,94.348,53
7/31/2018,7725.43,94.551,48
8/1/2018,7602.01,94.659,39
8/2/2018,7536.37,95.17,39
8/3/2018,7416.98,95.161,36
8/4/2018,7009.99,95.261,31
8/5/2018,7032.61,95.361,23
8/6/2018,6936.11,95.361,25
8/7/2018,6717.68,95.186,25
8/8/2018,6283.59,95.085,23
8/9/2018,6543.76,95.613,19
8/10/2018,6139.99,96.266,21
8/11/2018,6239.98,96.266,18
8/12/2018,6310.82,96.266,18
8/13/2018,6252.63,96.32,21
8/14/2018,6193.62,96.656,16
8/15/2018,6272.3,96.712,18
8/16/2018,6313.51,96.599,21
8/17/2018,6580.15,96.132,19
8/18/2018,6399.28,96.032,24
8/19/2018,6481.99,95.932,27
8/20/2018,6260.82,95.729,26
8/21/2018,6479.27,95.212,19
8/22/2018,6355.76,95.085,21
8/23/2018,6525.01,95.64,18
8/24/2018,6692.94,95.164,19
8/25/2018,6732.4,95.064,22
8/26/2018,6700.46,94.964,19
8/27/2018,6904.51,94.758,18
8/28/2018,7080.94,94.717,19
8/29/2018,7032.96,94.529,19
8/30/2018,6984.01,94.703,22
8/31/2018,7017.35,95.099,17
9/1/2018,7185.01,95.099,21
9/2/2018,7290.31,95.099,18
9/3/2018,7258.99,95.136,19
9/4/2018,7361,95.414,26
9/5/2018,6679.3,95.104,17
9/6/2018,6493.09,95.027,14
9/7/2018,6400,95.339,17
9/8/2018,6178.31,95.239,18
9/9/2018,6236.04,95.139,13
9/10/2018,6301.99,95.151,15
9/11/2018,6279.99,95.105,18
9/12/2018,6322.45,94.809,14
9/13/2018,6485.7,94.54,20
9/14/2018,6476.51,94.949,23
9/15/2018,6520.15,94.849,24
9/16/2018,6499.98,94.749,28
9/17/2018,6254.52,94.504,25
9/18/2018,6332.34,94.61,21
9/19/2018,6388.4,94.545,24
9/20/2018,6492.98,93.898,24
9/21/2018,6749.45,94.216,31
9/22/2018,6710.01,94.216,35
9/23/2018,6702.22,94.216,38
9/24/2018,6581.52,94.255,43
9/25/2018,6428.99,94.144,37
9/26/2018,6461.51,94.283,37
9/27/2018,6681.62,94.987,42
9/28/2018,6610.76,95.134,42
9/29/2018,6579.38,95.234,37
9/30/2018,6597.81,95.334,34
10/1/2018,6571.2,95.303,35
10/2/2018,6500,95.483,33
10/3/2018,6456.77,95.991,36
10/4/2018,6547.56,95.764,29
10/5/2018,6582.12,95.595,37
10/6/2018,6544.08,95.695,34
10/7/2018,6577.63,95.795,29
10/8/2018,6604.75,95.752,26
10/9/2018,6588.8,95.679,31
10/10/2018,6517.55,95.462,28
10/11/2018,6152.76,95.036,19
10/12/2018,6185.15,95.233,13
10/13/2018,6199.69,95.133,15
10/14/2018,6183,95.033,18
10/15/2018,6441.74,95.04,20
10/16/2018,6461.2,95.091,24
10/17/2018,6437.29,95.656,23
10/18/2018,6396.18,95.985,26
10/19/2018,6383.46,95.642,24
10/20/2018,6412.86,95.742,21
10/21/2018,6413.38,95.842,21
10/22/2018,6406.06,96.023,27
10/23/2018,6393.41,95.951,24
10/24/2018,6411.96,96.362,23
10/25/2018,6393.53,96.595,25
10/26/2018,6406.1,96.319,29
10/27/2018,6407.66,96.419,33
10/28/2018,6405.57,96.519,35
10/29/2018,6266.52,96.686,34
10/30/2018,6269.46,97.006,31
10/31/2018,6303.27,97.105,32
11/1/2018,6340.99,96.298,29
11/2/2018,6350.43,96.496,36
11/3/2018,6335,96.396,36
11/4/2018,6421.76,96.296,41
11/5/2018,6403.2,96.315,42
11/6/2018,6447.5,96.265,42
11/7/2018,6501,96.164,48
11/8/2018,6405.49,96.634,51
11/9/2018,6325,96.9,47
11/10/2018,6349.32,97.1,52
11/11/2018,6357.54,97.3,54
11/12/2018,6318,97.642,52
11/13/2018,6260.91,96.958,56
11/14/2018,5595.91,96.987,49
11/15/2018,5585,97.103,28
11/16/2018,5508.71,96.427,23
11/17/2018,5503.36,96.327,24
11/18/2018,5559.26,96.227,26
11/19/2018,4735.44,96.169,28
11/20/2018,4352,96.819,21
11/21/2018,4538.01,96.715,15
11/22/2018,4275.23,96.496,14
11/23/2018,4288.26,96.944,12
11/24/2018,3785.65,96.944,15
11/25/2018,3938.89,96.944,9
11/26/2018,3727.34,97.059,17
11/27/2018,3771.01,97.365,11
11/28/2018,4220.16,96.833,14
11/29/2018,4249.8,96.787,18
11/30/2018,3971.06,97.197,19
12/1/2018,4140.39,97.097,13
12/2/2018,4102.05,96.997,15
12/3/2018,3834.34,96.946,17
12/4/2018,3903.52,96.959,12
12/5/2018,3696.69,96.998,19
12/6/2018,3437.26,96.774,13
12/7/2018,3380.68,96.713,11
12/8/2018,3398.8,96.913,11
12/9/2018,3529.75,97.113,14
12/10/2018,3408,97.192,19
12/11/2018,3353.42,97.455,15
12/12/2018,3430.18,96.996,14
12/13/2018,3262.73,97.093,14
12/14/2018,3195.75,97.424,10
12/15/2018,3179.54,97.324,11
12/16/2018,3193.78,97.224,13
12/17/2018,3496.73,97.127,17
12/18/2018,3667.16,96.984,23
12/19/2018,3684.5,96.97,21
12/20/2018,4073.77,96.394,27
12/21/2018,3841.08,96.95,35
12/22/2018,3980.9,96.85,28
12/23/2018,3943.83,96.75,31
12/24/2018,4036,96.596,25
12/25/2018,3779.99,96.581,33
12/26/2018,3810.01,97.012,26
12/27/2018,3591.69,96.572,29
12/28/2018,3884.97,96.391,21
12/29/2018,3725.48,96.291,24
12/30/2018,3835.79,96.191,23
12/31/2018,3693.3,96.024,26
1/1/2019,3823.44,96.085,24
1/2/2019,3885.87,96.661,30
1/3/2019,3787.81,96.272,33
1/4/2019,3817.71,96.199,48
1/5/2019,3791.84,95.999,36
1/6/2019,4040.71,95.799,31
1/7/2019,4005.45,95.659,39
1/8/2019,3994.9,95.902,39
1/9/2019,4002.13,95.141,42
1/10/2019,3627.51,95.551,37
1/11/2019,3632.02,95.664,19
1/12/2019,3617.13,95.664,22
1/13/2019,3515.95,95.664,21
1/14/2019,3664.28,95.585,16
1/15/2019,3576.93,95.961,27
1/16/2019,3605.91,96.076,24
1/17/2019,3638.01,96.071,28
1/18/2019,3609.21,96.364,29
1/19/2019,3681,96.364,31
1/20/2019,3536.72,96.364,35
1/21/2019,3531.51,96.32,30
1/22/2019,3576.81,96.299,27
1/23/2019,3552.32,96.11,33
1/24/2019,3570.73,96.566,37
1/25/2019,3560,95.813,35
1/26/2019,3555.56,95.813,41
1/27/2019,3533.23,95.813,39
1/28/2019,3429.5,95.757,35
1/29/2019,3390.5,95.808,21
1/30/2019,3437.35,95.404,22
1/31/2019,3413.11,95.557,17
2/1/2019,3434.83,95.616,23
2/2/2019,3462.82,95.716,22
2/3/2019,3414.82,95.816,19
2/4/2019,3410.87,95.834,27
2/5/2019,3431.39,96.074,21
2/6/2019,3364.62,96.382,14
2/7/2019,3359.33,96.567,18
2/8/2019,3622.94,96.638,37
2/9/2019,3622.62,96.738,42
2/10/2019,3650.37,96.838,40
2/11/2019,3588.7,97.073,46
2/12/2019,3585.94,96.695,38
2/13/2019,3574.93,97.203,48
2/14/2019,3560.46,97.018,48
2/15/2019,3566.29,96.924,43
2/16/2019,3579.92,96.924,43
2/17/2019,3625.6,96.924,38
2/18/2019,3869.8,96.779,63
2/19/2019,3888.46,96.529,65
2/20/2019,3936.53,96.511,59
2/21/2019,3900.4,96.608,59
2/22/2019,3939.82,96.487,61
2/23/2019,4113.53,96.487,63
2/24/2019,3730.68,96.487,69
2/25/2019,3820.71,96.413,47
2/26/2019,3795.06,96.035,40
2/27/2019,3798.47,96.111,39
2/28/2019,3791.36,96.221,39
3/1/2019,3807.05,96.436,42
3/2/2019,3810.46,96.536,41
3/3/2019,3789.52,96.636,44
3/4/2019,3698.66,96.64,36
3/5/2019,3844.07,96.892,35
3/6/2019,3851.55,96.872,42
3/7/2019,3856.64,97.598,56
3/8/2019,3844.64,97.359,54
3/9/2019,3916.43,97.259,55
3/10/2019,3897.92,97.159,55
3/11/2019,3849.25,96.946,56
3/12/2019,3859.74,96.986,56
3/13/2019,3848.48,96.47,54
3/14/2019,3854.77,96.72,55
3/15/2019,3901.21,96.489,55
3/16/2019,3990,96.489,54
3/17/2019,3965.5,96.489,58
3/18/2019,3969.59,96.523,56
3/19/2019,3998.13,96.411,56
3/20/2019,4031.59,95.929,55
3/21/2019,3974.21,96.347,62
3/22/2019,3982.07,96.545,56
3/23/2019,3982.52,96.545,50
3/24/2019,3969.99,96.545,44
3/25/2019,3910.51,96.516,46
3/26/2019,3922.58,96.786,43
3/27/2019,4025.5,96.953,44
3/28/2019,4012.23,97.207,49
3/29/2019,4090,97.211,50
3/30/2019,4094.92,97.211,57
3/31/2019,4096.08,97.211,56
4/1/2019,4136.32,97.339,62
4/2/2019,4899.63,97.306,60
4/3/2019,4978.23,97.092,71
4/4/2019,4907.94,97.295,61
4/5/2019,5039.73,97.363,59
4/6/2019,5041.39,97.263,65
4/7/2019,5190.85,97.163,69
4/8/2019,5287.88,97.059,65
4/9/2019,5192.6,97.018,64
4/10/2019,5323.47,96.913,62
4/11/2019,5040.2,97.165,65
4/12/2019,5076.35,96.85,42
4/13/2019,5063.63,96.85,62
4/14/2019,5162.72,96.85,51
4/15/2019,5027.31,96.94,60
4/16/2019,5202.43,97.051,50
4/17/2019,5233.72,97.017,61
4/18/2019,5281.58,97.43,64
4/19/2019,5289.91,97.378,61
4/20/2019,5318.89,97.378,62
4/21/2019,5295.65,97.378,62
4/22/2019,5386.8,97.284,61
4/23/2019,5531.32,97.594,68
4/24/2019,5440.95,98.052,65
4/25/2019,5132.55,98.145,58
4/26/2019,5155.19,98.051,41
4/27/2019,5168.91,97.951,42
4/28/2019,5160.98,97.851,40
4/29/2019,5149.11,97.852,42
4/30/2019,5269,97.52,42
5/1/2019,5318.42,97.616,51
5/2/2019,5385,97.832,50
5/3/2019,5658.22,97.478,63
5/4/2019,5764.65,97.478,66
5/5/2019,5709.32,97.478,67
5/6/2019,5685.46,97.552,57
5/7/2019,5751.54,97.554,69
5/8/2019,5940.89,97.595,63
5/9/2019,6156.7,97.417,69
5/10/2019,6342.84,97.323,71
5/11/2019,7217.47,97.323,76
5/12/2019,6974.35,97.323,75
5/13/2019,7810.05,97.352,78
5/14/2019,7986,97.516,78
5/15/2019,8208.69,97.554,77
5/16/2019,7880,97.826,75
5/17/2019,7351.71,98.013,65
5/18/2019,7260.12,98.013,67
5/19/2019,8200,98.013,70
5/20/2019,8005.64,97.929,73
5/21/2019,7955.16,98.019,68
5/22/2019,7624.95,98.085,69
5/23/2019,7880.22,97.854,65
5/24/2019,7999.02,97.608,64
5/25/2019,8064.64,97.608,69
5/26/2019,8733.26,97.608,67
5/27/2019,8770.73,97.733,70
5/28/2019,8717.96,97.94,71
5/29/2019,8663.41,98.137,71
5/30/2019,8277.76,98.171,73
5/31/2019,8547.2,97.609,61
6/1/2019,8556.27,97.509,62
6/2/2019,8734.49,97.409,63
6/3/2019,8103.64,97.216,66
6/4/2019,7665.53,97.127,42
6/5/2019,7785.94,97.302,27
6/6/2019,7806.07,96.99,34
6/7/2019,8001.25,96.563,27
6/8/2019,7932.27,96.663,62
6/9/2019,7632.99,96.763,62
6/10/2019,8021.1,96.772,46
6/11/2019,7919.1,96.71,61
6/12/2019,8176.27,96.956,60
6/13/2019,8238,97.029,63
6/14/2019,8697.54,97.449,67
6/15/2019,8857.19,97.449,75
6/16/2019,8974.19,97.449,80
6/17/2019,9333.48,97.527,84
6/18/2019,9078.84,97.634,83
6/19/2019,9278.27,97.222,82
6/20/2019,9534.99,96.627,81
6/21/2019,10222.12,96.093,84
6/22/2019,10661.3,96.093,83
6/23/2019,10831.95,96.093,84
6/24/2019,11029.63,96.004,80
6/25/2019,11751.01,96.176,87
6/26/2019,12920.54,96.171,95
6/27/2019,11153.74,96.214,92
6/28/2019,12354.43,96.13,62
6/29/2019,11858.62,96.33,74
6/30/2019,10760.1,96.53,78
7/1/2019,10577.43,96.808,65
7/2/2019,10828.9,96.738,63
7/3/2019,11967.43,96.759,79
7/4/2019,11146.34,96.718,76
7/5/2019,10997.84,97.174,67
7/6/2019,11240,97.274,72
7/7/2019,11469.96,97.374,67
7/8/2019,12286.14,97.364,74
7/9/2019,12567.23,97.499,84
7/10/2019,12098.95,97.081,83
7/11/2019,11349.24,97.058,62
7/12/2019,11808.91,96.722,33
7/13/2019,11378.79,96.822,65
7/14/2019,10191.87,96.922,61
7/15/2019,10850,96.923,16
7/16/2019,9412.81,97.376,34
7/17/2019,9699.35,97.184,19
7/18/2019,10648.6,96.682,40
7/19/2019,10535.43,97.074,42
7/20/2019,10750.11,97.174,34
7/21/2019,10600.24,97.274,42
7/22/2019,10328.83,97.292,42
7/23/2019,9847.02,97.697,40
7/24/2019,9763.67,97.679,20
7/25/2019,9883.96,97.789,42
7/26/2019,9846.94,97.905,24
7/27/2019,9481.37,98.005,47
7/28/2019,9533.19,98.105,16
7/29/2019,9495.39,98.057,19
7/30/2019,9593.62,98.07,22
7/31/2019,10085.34,98.568,31
8/1/2019,10407.71,98.395,57
8/2/2019,10529.51,98.096,61
8/3/2019,10821.52,97.896,61
8/4/2019,10986.96,97.696,62
8/5/2019,11800,97.395,64
8/6/2019,11470,97.582,66
8/7/2019,11971.57,97.616,45
8/8/2019,11983.43,97.574,61
8/9/2019,11859.32,97.491,60
8/10/2019,11273.2,97.491,59
8/11/2019,11528.73,97.491,45
8/12/2019,11385.11,97.384,48
8/13/2019,10862.28,97.826,45
8/14/2019,10022.99,97.951,11
8/15/2019,10301.44,98.153,13
8/16/2019,10354.34,98.203,31
8/17/2019,10210.89,98.303,20
8/18/2019,10318.99,98.403,14
8/19/2019,10927.3,98.358,30
8/20/2019,10772.22,98.149,39
8/21/2019,10134.75,98.255,11
8/22/2019,10112.01,98.206,5
8/23/2019,10401.6,97.263,33
8/24/2019,10149.7,97.563,39
8/25/2019,10136.75,97.863,33
8/26/2019,10360.97,98.041,41
8/27/2019,10167.29,98.003,30
8/28/2019,9711.78,98.195,32
8/29/2019,9490,98.447,20
8/30/2019,9579.75,98.807,24
8/31/2019,9594.15,98.907,20
9/1/2019,9767.53,99.007,24
9/2/2019,10384.48,99.04,28
9/3/2019,10617.61,98.961,41
9/4/2019,10586.26,98.399,43
9/5/2019,10573.66,98.373,41
9/6/2019,10311.09,98.012,43
9/7/2019,10484.39,98.112,39
9/8/2019,10400.18,98.212,43
9/9/2019,10307.45,98.302,41
9/10/2019,10096,98.324,41
9/11/2019,10154.46,98.626,38
9/12/2019,10420.34,98.36,39
9/13/2019,10368.65,97.858,38
9/14/2019,10355.37,98.158,39
9/15/2019,10305.74,98.458,38
9/16/2019,10269.98,98.644,38
9/17/2019,10195.73,98.211,41
9/18/2019,10152.09,98.55,38
9/19/2019,10271.53,98.358,31
9/20/2019,10169.02,98.462,41
9/21/2019,9985.28,98.562,37
9/22/2019,10020.58,98.662,37
9/23/2019,9682.19,98.614,41
9/24/2019,8536.82,98.333,39
9/25/2019,8432.16,99.007,15
9/26/2019,8055.03,99.207,12
9/27/2019,8187.72,99.126,24
9/28/2019,8218.07,99.226,32
9/29/2019,8047.6,99.326,33
9/30/2019,8298.45,99.394,27
10/1/2019,8319.01,99.173,38
10/2/2019,8373.42,99.019,39
10/3/2019,8239.92,98.906,37
10/4/2019,8152.07,98.84,30
10/5/2019,8145.17,98.84,31
10/6/2019,7854.12,98.84,32
10/7/2019,8205.53,98.983,27
10/8/2019,8178.54,99.115,39
10/9/2019,8586.34,99.11,37
10/10/2019,8582.11,98.693,41
10/11/2019,8265.55,98.332,39
10/12/2019,8303.43,98.332,38
10/13/2019,8282.96,98.332,38
10/14/2019,8362.99,98.431,37
10/15/2019,8155.13,98.309,39
10/16/2019,7995.89,98.008,40
10/17/2019,8073.32,97.56,40
10/18/2019,7955.08,97.141,40
10/19/2019,7960.49,97.241,41
10/20/2019,8235.74,97.341,37
10/21/2019,8213.65,97.32,37
10/22/2019,8025.9,97.518,39
10/23/2019,7470.77,97.464,33
10/24/2019,7435,97.667,20
10/25/2019,8662.66,97.826,24
10/26/2019,9252.75,97.826,53
10/27/2019,9557.08,97.826,50
10/28/2019,9216.44,97.742,52
10/29/2019,9426.94,97.681,54
10/30/2019,9159.94,97.45,53
10/31/2019,9150.07,97.331,50
11/1/2019,9250.45,97.121,49
11/2/2019,9304.75,97.221,51
11/3/2019,9207,97.321,56
11/4/2019,9410.76,97.558,49
11/5/2019,9320.14,97.909,54
11/6/2019,9344.78,97.949,53
11/7/2019,9199.36,98.129,54
11/8/2019,8767.37,98.402,42
11/9/2019,8812.21,98.302,38
11/10/2019,9024.49,98.202,39
11/11/2019,8720.36,98.215,40
11/12/2019,8813.91,98.326,39
11/13/2019,8755.24,98.317,38
11/14/2019,8636.9,98.148,41
11/15/2019,8463.49,98,38
11/16/2019,8484.63,97.9,41
11/17/2019,8499.31,97.8,38
11/18/2019,8170.65,97.824,38
11/19/2019,8121.63,97.824,32
11/20/2019,8088.44,97.872,32
11/21/2019,7611.51,97.958,30
11/22/2019,7285.85,98.266,20
11/23/2019,7320.39,98.266,23
11/24/2019,6908.36,98.266,21
11/25/2019,7122.14,98.285,17
11/26/2019,7159.22,98.251,21
11/27/2019,7527.84,98.313,20
11/28/2019,7436.72,98.327,32
11/29/2019,7753.69,98.271,31
11/30/2019,7550.67,98.171,38
12/1/2019,7412.66,98.071,25
12/2/2019,7309.64,97.887,28
12/3/2019,7300.43,97.729,28
12/4/2019,7197.78,97.602,24
12/5/2019,7390.42,97.388,21
12/6/2019,7541.79,97.677,29
12/7/2019,7502.65,97.677,32
12/8/2019,7524.26,97.677,28
12/9/2019,7340.52,97.649,32
12/10/2019,7216.07,97.521,26
12/11/2019,7207.42,97.128,20
12/12/2019,7188.42,96.736,23
12/13/2019,7257.47,97.175,22
12/14/2019,7059.03,97.175,27
12/15/2019,7115.08,97.175,21
12/16/2019,6882.19,97.142,24
12/17/2019,6612.3,97.184,23
12/18/2019,7286.91,97.404,15
12/19/2019,7149.57,97.405,21
12/20/2019,7194.11,97.68,23
12/21/2019,7147.4,97.68,23
12/22/2019,7509.7,97.68,20
12/23/2019,7316.17,97.669,33
12/24/2019,7251.52,97.683,25
12/25/2019,7195.79,97.632,22
12/26/2019,7188.3,97.559,39
12/27/2019,7246,97.014,38
12/28/2019,7296.24,96.914,37
12/29/2019,7385.54,96.814,37
12/30/2019,7220.24,96.739,40
12/31/2019,7168.36,96.529,38
1/1/2020,7178.68,96.445,37
1/2/2020,6950.56,96.799,39
1/3/2020,7338.91,96.896,38
1/4/2020,7344.48,96.796,38
1/5/2020,7356.7,96.696,39
1/6/2020,7762.74,96.623,41
1/7/2020,8159.01,96.967,40
1/8/2020,8044.44,97.313,51
1/9/2020,7806.78,97.417,44
1/10/2020,8200,97.349,41
1/11/2020,8016.22,97.349,50
1/12/2020,8180.76,97.349,45
1/13/2020,8105.01,97.375,49
1/14/2020,8813.04,97.387,56
1/15/2020,8809.17,97.205,54
1/16/2020,8710.15,97.303,55
1/17/2020,8892.63,97.637,54
1/18/2020,8908.53,97.637,51
1/19/2020,8696.6,97.637,53
1/20/2020,8625.17,97.61,48
1/21/2020,8717.89,97.609,49
1/22/2020,8655.93,97.5,52
1/23/2020,8378.44,97.687,49
1/24/2020,8422.13,97.884,40
1/25/2020,8329.5,97.884,41
1/26/2020,8590.48,97.884,42
1/27/2020,8894.54,97.937,50
1/28/2020,9400,97.97,54
1/29/2020,9289.18,98.063,57
1/30/2020,9500,97.864,57
1/31/2020,9327.85,97.362,55
2/1/2020,9377.17,97.462,57
2/2/2020,9329.39,97.562,57
2/3/2020,9288.09,97.805,59
2/4/2020,9159.37,97.933,56
2/5/2020,9618.42,98.257,53
2/6/2020,9754.63,98.475,61
2/7/2020,9803.42,98.699,56
2/8/2020,9902,98.799,56
2/9/2020,10173.97,98.899,56
2/10/2020,9850.01,98.855,57
2/11/2020,10268.98,98.749,52
2/12/2020,10348.78,99.015,61
2/13/2020,10228.67,99.101,65
2/14/2020,10364.04,99.161,63
2/15/2020,9899.78,99.161,64
2/16/2020,9912.89,99.161,59
2/17/2020,9697.15,99.147,49
2/18/2020,10185.17,99.446,53
2/19/2020,9595.72,99.591,50
2/20/2020,9612.76,99.879,44
2/21/2020,9696.13,99.337,44
2/22/2020,9668.13,99.337,43
2/23/2020,9965.21,99.337,46
2/24/2020,9652.58,99.292,46
2/25/2020,9305.4,98.995,44
2/26/2020,8779.36,99.146,41
2/27/2020,8816.5,98.386,39
2/28/2020,8703.84,98.127,40
2/29/2020,8527.74,97.927,38
3/1/2020,8528.95,97.727,39
3/2/2020,8917.34,97.511,38
3/3/2020,8755.45,97.145,38
3/4/2020,8753.28,97.371,40
3/5/2020,9066.65,96.597,41
3/6/2020,9153.79,96.093,39
3/7/2020,8893.93,95.793,38
3/8/2020,8033.7,95.493,33
3/9/2020,7936.25,95.066,17
3/10/2020,7885.92,96.482,16
3/11/2020,7934.57,96.604,17
3/12/2020,4841.67,97.502,14
3/13/2020,5622.74,98.691,10
3/14/2020,5169.37,98.491,8
3/15/2020,5343.64,98.291,12
3/16/2020,5033.42,97.998,9
3/17/2020,5324.99,99.5,8
3/18/2020,5406.92,100.915,11
3/19/2020,6181.18,102.936,12
3/20/2020,6210.14,101.947,9
3/21/2020,6187.78,102.147,9
3/22/2020,5813.15,102.347,11
3/23/2020,6493.51,102.469,10
3/24/2020,6768.64,101.776,12
3/25/2020,6692.22,100.938,13
3/26/2020,6760.72,99.459,14
3/27/2020,6376.03,98.306,12
3/28/2020,6253.08,98.506,8
3/29/2020,5870.9,98.706,12
3/30/2020,6407.77,99.04,10
3/31/2020,6421.14,98.947,12
4/1/2020,6652.07,99.48,12
4/2/2020,6801.99,100.104,14
4/3/2020,6742.57,100.682,14
4/4/2020,6879.61,100.682,12
4/5/2020,6775.2,100.682,12
4/6/2020,7352.43,100.79,12
4/7/2020,7202.73,99.959,20
4/8/2020,7367.36,100.159,21
4/9/2020,7293.93,99.56,22
4/10/2020,6877.03,99.482,15
4/11/2020,6883.18,99.482,15
4/12/2020,6908.24,99.482,10
4/13/2020,6864.22,99.486,11
4/14/2020,6879.75,98.858,15
4/15/2020,6619,99.567,18
4/16/2020,7111.67,99.934,13
4/17/2020,7024.19,99.716,15
4/18/2020,7262.26,99.816,18
4/19/2020,7126.4,99.916,16
4/20/2020,6841,99.946,15
4/21/2020,6854.98,100.21,17
4/22/2020,7137.79,100.345,19
4/23/2020,7484.58,100.482,19
4/24/2020,7505.53,100.29,20
4/25/2020,7547.56,100.19,24
4/26/2020,7701.73,100.09,21
4/27/2020,7786.41,100.053,28
4/28/2020,7767.79,99.959,26
4/29/2020,8790.32,99.499,26
4/30/2020,8627.32,99.039,44
5/1/2020,8832.44,98.68,40
5/2/2020,8983.79,98.98,40
5/3/2020,8915.98,99.28,45
5/4/2020,8882.87,99.513,44
5/5/2020,9034.85,99.811,40
5/6/2020,9154.32,100.169,42
5/7/2020,10000,99.837,49
5/8/2020,9801.35,99.102,55
5/9/2020,9546.56,99.502,56
5/10/2020,8731.17,99.902,48
5/11/2020,8571.98,100.227,40
5/12/2020,8825.46,100.005,39
5/13/2020,9315.5,100.202,41
5/14/2020,9793.5,100.263,40
5/15/2020,9306.21,100.361,44
5/16/2020,9389.07,100.161,41
5/17/2020,9665.7,99.961,40
5/18/2020,9721.91,99.618,50
5/19/2020,9787.65,99.579,50
5/20/2020,9516.51,99.162,52
5/21/2020,9062.47,99.421,49
5/22/2020,9171.96,99.796,42
5/23/2020,9183.46,99.796,40
5/24/2020,8718.77,99.796,43
5/25/2020,8903.56,99.808,41
5/26/2020,8840.91,99.014,39
5/27/2020,9210,98.948,39
5/28/2020,9577.38,98.466,41
5/29/2020,9421.04,98.295,48
5/30/2020,9705.1,98.095,48
5/31/2020,9446.19,97.895,51
6/1/2020,10203.64,97.817,50
6/2/2020,9525.73,97.679,56
6/3/2020,9668.99,97.306,48
6/4/2020,9791.92,96.76,54
6/5/2020,9619.99,96.954,53
6/6/2020,9669.85,96.854,54
6/7/2020,9750.04,96.754,54
6/8/2020,9783,96.703,53
6/9/2020,9776.84,96.391,52
6/10/2020,9894.32,96.054,54
6/11/2020,9264.26,96.811,52
6/12/2020,9463.07,97.089,38
6/13/2020,9473.46,96.889,38
6/14/2020,9329.99,96.689,40
6/15/2020,9435.15,96.623,37
6/16/2020,9530.3,97.032,39
6/17/2020,9461.29,97.075,38
6/18/2020,9374.78,97.452,40
6/19/2020,9304.32,97.663,39
6/20/2020,9355.46,97.463,38
6/21/2020,9283.03,97.263,37
6/22/2020,9683.12,97.013,38
6/23/2020,9622.81,96.68,41
6/24/2020,9286.06,97.21,50
6/25/2020,9239.48,97.388,43
6/26/2020,9158.26,97.499,40
6/27/2020,9009.3,97.499,43
6/28/2020,9118.01,97.499,40
6/29/2020,9188.88,97.467,41
6/30/2020,9132.96,97.384,44
7/1/2020,9233.38,97.148,42
7/2/2020,9092.92,97.212,42
7/3/2020,9063.08,97.152,41
7/4/2020,9138.52,97.052,40
7/5/2020,9076.82,96.952,38
7/6/2020,9348.22,96.767,40
7/7/2020,9257.16,96.971,43
7/8/2020,9437.16,96.477,44
7/9/2020,9234.9,96.778,44
7/10/2020,9283.53,96.656,41
7/11/2020,9238.3,96.656,44
7/12/2020,9306.17,96.656,41
7/13/2020,9233.1,96.526,43
7/14/2020,9251.59,96.187,43
7/15/2020,9190.07,96.04,44
7/16/2020,9132.87,96.303,43
7/17/2020,9156.5,96.013,41
7/18/2020,9177.43,95.913,44
7/19/2020,9211.99,95.813,41
7/20/2020,9162.43,95.815,44
7/21/2020,9391.25,95.151,44
7/22/2020,9539.51,94.95,50
7/23/2020,9617.2,94.777,55
7/24/2020,9547.91,94.345,53
7/25/2020,9710.98,94.145,55
7/26/2020,9944.65,93.945,55
7/27/2020,11046.19,93.649,58
7/28/2020,10939.27,93.725,76
7/29/2020,11111.17,93.261,71
7/30/2020,11112.12,92.962,76
7/31/2020,11356.74,93.455,75
8/1/2020,11817.49,93.455,75
8/2/2020,11071.66,93.455,80
8/3/2020,11236.39,93.509,75
8/4/2020,11192.42,93.261,72
8/5/2020,11755.24,92.805,75
8/6/2020,11770.08,92.768,79
8/7/2020,11600.85,93.391,77
8/8/2020,11776.9,93.491,77
8/9/2020,11683.03,93.591,79
8/10/2020,11895.12,93.61,78
8/11/2020,11392.64,93.644,84
8/12/2020,11565.35,93.424,75
8/13/2020,11793.26,93.239,75
8/14/2020,11779.77,93.095,78
8/15/2020,11852.2,92.995,79
8/16/2020,11914.02,92.895,82
8/17/2020,12298.38,92.823,83
8/18/2020,11958.1,92.316,82
8/19/2020,11757.55,93.001,80
8/20/2020,11859.37,92.738,75
8/21/2020,11531.74,93.201,81
8/22/2020,11667.7,93.201,78
8/23/2020,11644.65,93.201,76
8/24/2020,11761.8,93.291,78
8/25/2020,11328.88,93.007,75
8/26/2020,11469.3,92.885,76
8/27/2020,11330,92.994,75
8/28/2020,11536.58,92.301,74
8/29/2020,11471.71,92.301,79
8/30/2020,11708.97,92.301,75
8/31/2020,11655,92.157,75
9/1/2020,11923.96,92.306,75
9/2/2020,11398.44,92.651,83
9/3/2020,10160,92.777,79
9/4/2020,10456.32,92.974,40
9/5/2020,10167.19,92.974,41
9/6/2020,10260.17,92.974,41
9/7/2020,10377.14,93.055,41
9/8/2020,10123.96,93.522,41
9/9/2020,10232.8,93.242,38
9/10/2020,10342.59,93.352,38
9/11/2020,10393.04,93.271,41
9/12/2020,10443.33,93.171,41
9/13/2020,10334.78,93.071,38
9/14/2020,10675.15,93.052,39
9/15/2020,10783.83,93.074,47
9/16/2020,10951.54,93.102,43
9/17/2020,10940.47,92.909,48
9/18/2020,10931.2,92.999,49
9/19/2020,11077.22,93.199,48
9/20/2020,10923.5,93.399,52
9/21/2020,10411.29,93.548,48
9/22/2020,10534.31,93.974,39
9/23/2020,10233.42,94.343,43
9/24/2020,10744.02,94.334,39
9/25/2020,10689.81,94.577,46
9/26/2020,10729.09,94.477,45
9/27/2020,10780.66,94.377,47
9/28/2020,10689.48,94.269,43
9/29/2020,10836.42,93.873,45
9/30/2020,10778.22,93.804,49
10/1/2020,10622.71,93.721,45
10/2/2020,10578.54,93.809,41
10/3/2020,10553.66,93.709,40
10/4/2020,10669.63,93.609,42
10/5/2020,10795,93.449,42
10/6/2020,10606.33,93.849,47
10/7/2020,10669.14,93.605,43
10/8/2020,10925.2,93.572,46
10/9/2020,11052,93.06,48
10/10/2020,11301.2,93.06,53
10/11/2020,11372.93,93.06,55
10/12/2020,11535.98,93.035,52
10/13/2020,11427.98,93.531,56
10/14/2020,11428.84,93.382,53
10/15/2020,11511.11,93.856,56
10/16/2020,11321.86,93.687,52
10/17/2020,11365.8,93.587,56
10/18/2020,11519.97,93.487,55
10/19/2020,11764.14,93.427,55
10/20/2020,11921.11,93.067,56
10/21/2020,12802.67,92.611,61
10/22/2020,12983.26,92.951,73
10/23/2020,12941.59,92.768,74
10/24/2020,13122.73,92.868,73
10/25/2020,13039.09,92.968,76
10/26/2020,13066.73,93.045,75
10/27/2020,13647.9,92.94,61
10/28/2020,13274.73,93.405,70
10/29/2020,13468.44,93.955,67
10/30/2020,13562.13,94.038,74
10/31/2020,13816.08,94.038,73
11/1/2020,13762,94.038,72
11/2/2020,13563.72,94.129,71
11/3/2020,14041.58,93.553,71
11/4/2020,14160.59,93.407,74
11/5/2020,15605.04,92.525,72
11/6/2020,15598.09,92.229,90
11/7/2020,14838.97,92.429,88
11/8/2020,15489.15,92.629,82
11/9/2020,15332.04,92.725,90
11/10/2020,15313.65,92.749,90
11/11/2020,15707.89,93.043,86
11/12/2020,16300,92.963,87
11/13/2020,16335.58,92.709,89
11/14/2020,16086.34,92.709,90
11/15/2020,15975.49,92.709,86
11/16/2020,16724.62,92.642,90
11/17/2020,17680.63,92.416,86
11/18/2020,17785.95,92.316,91
11/19/2020,17825.47,92.294,94
11/20/2020,18687.65,92.36,86
11/21/2020,18725,92.36,91
11/22/2020,18435.2,92.36,94
11/23/2020,18383.35,92.505,90
11/24/2020,19160.85,92.226,88
11/25/2020,18732.43,91.994,94
11/26/2020,17160.09,91.994,93
11/27/2020,17154.39,91.79,86
11/28/2020,17741.79,91.79,87
11/29/2020,18192.03,91.79,89
11/30/2020,19700.19,91.869,88
12/1/2020,18771.43,91.313,95
12/2/2020,19226.55,91.118,92
12/3/2020,19448.4,90.714,92
12/4/2020,18673.76,90.701,92
12/5/2020,19162.16,90.701,93
12/6/2020,19380.58,90.701,95
12/7/2020,19173.5,90.792,94
12/8/2020,18316.43,90.965,95
12/9/2020,18556.64,91.087,86
12/10/2020,18250.3,90.824,94
12/11/2020,18040.02,90.763,89
12/12/2020,18815.63,90.763,90
12/13/2020,19162.36,90.763,91
12/14/2020,19274.33,90.711,95
12/15/2020,19434.87,90.473,91
12/16/2020,21365.7,90.45,92
12/17/2020,22814.24,89.822,92
12/18/2020,23136.14,90.133,95
12/19/2020,23842.99,90.133,93
12/20/2020,23470.85,90.133,92
12/21/2020,22732.01,90.043,92
12/22/2020,23835.1,90.654,88
12/23/2020,23247.71,90.413,93
12/24/2020,23726.28,90.323,86
12/25/2020,24705.15,90.223,94
12/26/2020,26466.28,90.223,93
12/27/2020,26259.6,90.223,91
12/28/2020,27037.91,90.337,92
12/29/2020,27370,89.994,91
12/30/2020,28881.3,89.68,91
12/31/2020,28992.79,89.937,95
1/1/2021,29402.64,89.931,94
1/2/2021,32216.53,89.931,94
1/3/2021,33097.83,89.931,93
1/4/2021,32005.88,89.869,94
1/5/2021,34039.05,89.436,93
1/6/2021,36849.94,89.53,95
1/7/2021,39510.49,89.826,91
1/8/2021,40667.07,90.098,93
1/9/2021,40239.06,90.198,93
1/10/2021,38173.73,90.298,94
1/11/2021,35455.58,90.465,90
1/12/2021,34035.02,90.093,84
1/13/2021,37393.49,90.355,78
1/14/2021,39134.35,90.239,83
1/15/2021,36756.57,90.725,88
1/16/2021,36000,90.725,84
1/17/2021,35819.25,90.725,79
1/18/2021,36616.95,90.765,79
1/19/2021,35917.62,90.498,80
1/20/2021,35496.91,90.475,78
1/21/2021,30818.18,90.131,75
1/22/2021,32992.06,90.238,40
1/23/2021,32117.49,90.338,74
1/24/2021,32288.83,90.438,70
1/25/2021,32261.22,90.391,74
1/26/2021,32504.53,90.17,71
1/27/2021,30424.62,90.647,78
1/28/2021,33484.87,90.455,55
1/29/2021,34249.64,90.584,77
1/30/2021,34323,90.684,76
1/31/2021,33141.38,90.784,78
2/1/2021,33532.74,90.98,77
2/2/2021,35522.16,91.197,76
2/3/2021,37691.63,91.171,78
2/4/2021,36996.32,91.529,80
2/5/2021,38320,91.042,81
2/6/2021,39282.1,91.042,84
2/7/2021,38858.39,91.042,86
2/8/2021,46416.45,90.934,83
2/9/2021,46505.2,90.439,95
2/10/2021,44854.63,90.371,92
2/11/2021,47981.48,90.417,93
2/12/2021,47395.84,90.423,92
2/13/2021,47228.48,90.423,92
2/14/2021,48662.5,90.423,95
2/15/2021,47942.57,90.348,93
2/16/2021,49166.53,90.509,95
2/17/2021,52174.28,90.951,95
2/18/2021,51579.54,90.592,91
2/19/2021,55988.58,90.364,93
2/20/2021,55936.04,90.264,91
2/21/2021,57492.91,90.164,91
2/22/2021,54173.65,90.01,94
2/23/2021,48887.93,90.169,94
2/24/2021,49754,90.176,76
2/25/2021,47088.58,90.134,79
2/26/2021,46314.83,90.879,55
2/27/2021,46109.98,90.979,56
2/28/2021,45240.96,91.079,55
3/1/2021,49629.33,91.039,38
3/2/2021,48516.35,90.785,78
3/3/2021,50379.68,90.947,78
3/4/2021,48360.5,91.631,84
3/5/2021,48739.21,91.977,77
3/6/2021,48904.63,92.077,77
3/7/2021,50967.3,92.177,76
3/8/2021,52427.8,92.313,81
3/9/2021,54929.02,91.958,81
3/10/2021,55852.29,91.823,68
3/11/2021,57772.09,91.42,73
3/12/2021,57271.04,91.687,70
3/13/2021,61165.19,91.687,74
3/14/2021,59016.39,91.687,78
3/15/2021,55644.37,91.833,76
3/16/2021,56908.34,91.865,71
3/17/2021,58901.8,91.442,71
3/18/2021,57648.05,91.862,72
3/19/2021,58072,91.919,71
3/20/2021,58138.39,91.819,75
3/21/2021,57381.79,91.719,73
3/22/2021,54070.92,91.742,70
3/23/2021,54361.57,92.336,66
3/24/2021,52287.52,92.528,65
3/25/2021,51326.11,92.809,60
3/26/2021,55081.37,92.738,54
3/27/2021,55839.42,92.838,65
3/28/2021,55790.92,92.938,74
3/29/2021,57600.1,92.944,72
3/30/2021,58760.59,93.297,72
3/31/2021,58782.58,93.232,76
4/1/2021,58728.53,92.929,74
4/2/2021,59003.6,93.012,74
4/3/2021,57064.42,93.012,73
4/4/2021,58212.18,93.012,74
4/5/2021,59125,93.022,71
4/6/2021,58018.3,92.335,75
4/7/2021,55932.83,92.455,72
4/8/2021,58096.6,92.059,73
4/9/2021,58109.56,92.163,70
4/10/2021,59766.93,92.163,70
4/11/2021,59979.26,92.163,76
4/12/2021,59831.66,92.085,74
4/13/2021,63564.48,91.826,74
4/14/2021,62986.09,91.634,75
4/15/2021,63239.19,91.667,79
4/16/2021,61436.24,91.616,78
4/17/2021,60032.29,91.416,76
4/18/2021,56280.6,91.216,79
4/19/2021,55694.55,91.081,74
4/20/2021,56503.19,91.202,73
4/21/2021,53806.24,91.113,73
4/22/2021,51683.95,91.278,65
4/23/2021,51176.65,90.832,55
4/24/2021,50118.94,90.832,37
4/25/2021,49128.43,90.832,31
4/26/2021,54073.41,90.843,27
4/27/2021,55091.39,90.885,50
4/28/2021,54901.97,90.596,59
4/29/2021,53593.97,90.635,52
4/30/2021,57775.27,91.297,51
5/1/2021,57851.91,91.197,68
5/2/2021,56622.66,91.097,66
5/3/2021,57222.37,90.971,61
5/4/2021,53236.84,91.285,68
5/5/2021,57509.93,91.263,48
5/6/2021,56447.39,90.895,65
5/7/2021,57381.73,90.229,64
5/8/2021,58984.75,90.229,67
5/9/2021,58305.24,90.229,73
5/10/2021,55880.72,90.278,72
5/11/2021,56763.7,90.166,61
5/12/2021,49386.56,90.772,68
5/13/2021,49694.96,90.717,31
5/14/2021,49880.43,90.304,26
5/15/2021,46708.89,90.304,27
5/16/2021,46444.75,90.304,20
5/17/2021,43593.39,90.192,27
5/18/2021,42877.75,89.782,21
5/19/2021,36780.43,90.176,23
5/20/2021,40640.9,89.75,11
5/21/2021,37335.16,90.028,19
5/22/2021,37500.54,89.928,12
5/23/2021,34706.79,89.828,14
5/24/2021,38839.86,89.839,10
5/25/2021,38397.72,89.671,22
5/26/2021,39309.56,90.044,22
5/27/2021,38503.47,90.002,27
5/28/2021,35692.46,90.056,21
5/29/2021,34632.08,89.956,18
5/30/2021,35677.72,89.856,10
5/31/2021,37341.41,89.833,18
6/1/2021,36693.3,89.922,20
6/2/2021,37589.36,89.904,23
6/3/2021,39219.88,90.49,24
6/4/2021,36887.32,90.134,27
6/5/2021,35532.14,90.034,24
6/6/2021,35808.85,89.934,17
6/7/2021,33582.62,89.975,15
6/8/2021,33411.69,90.134,13
6/9/2021,37400,90.135,14
6/10/2021,36707.54,90.063,21
6/11/2021,37341.11,90.509,21
6/12/2021,35542.76,90.509,28
6/13/2021,39013.76,90.509,23
6/14/2021,40532.79,90.501,28
6/15/2021,40171.47,90.51,38
6/16/2021,38353.99,91.394,33
6/17/2021,38097.68,91.896,26
6/18/2021,35840,92.321,25
6/19/2021,35507.06,92.121,23
6/20/2021,35589.77,91.921,21
6/21/2021,31634.16,91.845,23
6/22/2021,32545.26,91.708,10
6/23/2021,33652.28,91.787,14
6/24/2021,34649.32,91.811,22
6/25/2021,31597.75,91.811,27
6/26/2021,32269.38,91.811,20
6/27/2021,34699.5,91.811,22
6/28/2021,34487.11,91.88,25
6/29/2021,35907.93,92.072,25
6/30/2021,35037.23,92.357,28
7/1/2021,33564.21,92.532,28
7/2/2021,33811.56,92.243,21
7/3/2021,34688.3,92.243,24
7/4/2021,35289.21,92.243,27
7/5/2021,33704.21,92.238,29
7/6/2021,34244.09,92.547,20
7/7/2021,33882.47,92.7,28
7/8/2021,32898.79,92.355,20
7/9/2021,33826.43,92.102,20
7/10/2021,33517.6,92.102,20
7/11/2021,34258.53,92.102,20
7/12/2021,33105,92.224,25
7/13/2021,32728,92.776,20
7/14/2021,32823.55,92.367,21
7/15/2021,31848.65,92.562,20
7/16/2021,31388.17,92.712,22
7/17/2021,31529.68,92.712,15
7/18/2021,31776.65,92.712,19
7/19/2021,30829.29,92.828,24
7/20/2021,29786.58,92.964,19
7/21/2021,32138.45,92.776,10
7/22/2021,32300.88,92.832,21
7/23/2021,33684.17,92.906,23
7/24/2021,34301.78,92.806,22
7/25/2021,35428.28,92.706,27
7/26/2021,37291.24,92.628,26
7/27/2021,39475.41,92.472,32
7/28/2021,40036.32,92.268,50
7/29/2021,40037.51,91.878,50
7/30/2021,42234.89,92.09,53
7/31/2021,41490.13,92.09,60
8/1/2021,39839,92.09,60
8/2/2021,39165.55,92.067,48
8/3/2021,38177.07,92.07,48
8/4/2021,39741.12,92.281,42
8/5/2021,40894.67,92.256,50
8/6/2021,42856.59,92.779,52
8/7/2021,44612.94,92.879,69
8/8/2021,43858.42,92.979,74
8/9/2021,46292.89,92.969,65
8/10/2021,45609.7,93.069,71
8/11/2021,45539.85,92.895,70
8/12/2021,44444.45,92.996,70
8/13/2021,47860.58,92.523,70
8/14/2021,47119.73,92.523,76
8/15/2021,47028.3,92.523,71
8/16/2021,45930.51,92.611,72
8/17/2021,44694.35,93.134,72
8/18/2021,44721.13,93.153,73
8/19/2021,46764.3,93.561,70
8/20/2021,49356,93.458,70
8/21/2021,48884.34,93.258,78
8/22/2021,49301.86,93.058,76
8/23/2021,49561.37,92.973,79
8/24/2021,47731.33,92.879,79
8/25/2021,49011.75,92.824,73
8/26/2021,46856.29,93.043,75
8/27/2021,49100.49,92.681,71
8/28/2021,48935.36,92.681,78
8/29/2021,48808.72,92.681,72
8/30/2021,47003.44,92.694,73
8/31/2021,47156.09,92.641,73
9/1/2021,48853.49,92.498,71
9/2/2021,49274.79,92.214,74
9/3/2021,50025.04,92.117,74
9/4/2021,49943.16,92.117,72
9/5/2021,51809.28,92.117,73
9/6/2021,52708.2,92.209,79
9/7/2021,46866.82,92.525,79
9/8/2021,46091.94,92.702,47
9/9/2021,46392.81,92.521,45
9/10/2021,44857.38,92.64,46
9/11/2021,45176.66,92.64,31
9/12/2021,46035,92.64,32
9/13/2021,44974.34,92.613,44
9/14/2021,47103.18,92.66,30
9/15/2021,48150.94,92.473,49
9/16/2021,47760.64,92.866,53
9/17/2021,47305.18,93.246,48
9/18/2021,48326.74,93.246,50
9/19/2021,47245.25,93.246,53
9/20/2021,43035.99,93.221,50
9/21/2021,40596.54,93.201,27
9/22/2021,43589.53,93.439,21
9/23/2021,44903.5,93.064,27
9/24/2021,42848.5,93.277,33
9/25/2021,42722.19,93.277,28
9/26/2021,43204.73,93.277,27
9/27/2021,42189.81,93.405,26
9/28/2021,41049,93.721,25
9/29/2021,41542.9,94.361,24
9/30/2021,43834.43,94.24,20
10/1/2021,48171.86,94.071,27
10/2/2021,47685.8,93.971,54
10/3/2021,48235.93,93.871,49
10/4/2021,49242.14,93.801,54
10/5/2021,51501.19,93.976,59
10/6/2021,55345.79,94.232,68
10/7/2021,53787.6,94.197,76
10/8/2021,53957.21,94.104,74
10/9/2021,54976.92,94.204,72
10/10/2021,54714.95,94.304,71
10/11/2021,57485.2,94.36,71
10/12/2021,55995.49,94.512,78
10/13/2021,57374.55,94.003,70
10/14/2021,57371.58,93.984,70
10/15/2021,61657.35,93.954,71
10/16/2021,60870.26,93.954,78
10/17/2021,61538.97,93.954,79
10/18/2021,62034.65,93.947,78
10/19/2021,64241.61,93.785,75
10/20/2021,65990.31,93.598,82
10/21/2021,62219.44,93.757,84
10/22/2021,60702.68,93.61,75
10/23/2021,61338.76,93.71,74
10/24/2021,60910.16,93.81,73
10/25/2021,63101.43,93.825,72
10/26/2021,60328.22,93.965,76
10/27/2021,58465.9,93.857,73
10/28/2021,60592.76,93.359,66
10/29/2021,62301.59,94.134,70
10/30/2021,61932.3,94.034,73
10/31/2021,61359.44,93.934,74
11/1/2021,60922.85,93.877,74
11/2/2021,63260,94.098,73
11/3/2021,62930.72,93.851,76
11/4/2021,61457.25,94.332,73
11/5/2021,61031.91,94.218,73
11/6/2021,61542.44,94.118,71
11/7/2021,63300,94.018,73
11/8/2021,67559,94.059,75
11/9/2021,66945.72,93.984,84
11/10/2021,64921.43,94.867,75
11/11/2021,64821.33,95.154,77
11/12/2021,64158.41,95.122,74
11/13/2021,64417.52,95.222,72
11/14/2021,65509.87,95.322,74
11/15/2021,63606.09,95.524,72
11/16/2021,60142.31,95.92,71
11/17/2021,60373.65,95.813,52
11/18/2021,56917.66,95.523,54
11/19/2021,58128.55,96.066,34
11/20/2021,59768.54,96.166,43
11/21/2021,58678.47,96.266,49
11/22/2021,56294.11,96.502,50
11/23/2021,57579.99,96.488,33
11/24/2021,57185.06,96.839,42
11/25/2021,58990.14,96.789,32
11/26/2021,53789.35,96.071,47
11/27/2021,54774.66,96.071,21
11/28/2021,57338.55,96.071,27
11/29/2021,57845.12,96.193,33
11/30/2021,56974.12,95.891,40
12/1/2021,57251.59,96.038,34
12/2/2021,56547.96,96.135,32
12/3/2021,53743.69,96.151,31
12/4/2021,49234.97,96.151,25
12/5/2021,49463.22,96.151,18
12/6/2021,50555,96.291,16
12/7/2021,50627.32,96.296,25
12/8/2021,50543.3,95.958,28
12/9/2021,47593.12,96.203,29
12/10/2021,47142.42,96.05,24
12/11/2021,49400.54,96.15,16
12/12/2021,50124.38,96.25,27
12/13/2021,46725.02,96.365,28
12/14/2021,48389.96,96.56,21
12/15/2021,48876.84,96.328,28
12/16/2021,47663.42,95.999,29
12/17/2021,46210.92,96.672,23
12/18/2021,46881.87,96.572,24
12/19/2021,46704.67,96.472,29
12/20/2021,46915,96.505,25
12/21/2021,48929.86,96.478,27
12/22/2021,48618.99,96.121,45
12/23/2021,50850,96.061,34
12/24/2021,50841.48,96.061,41
12/25/2021,50442.22,96.061,39
12/26/2021,50791.21,96.061,37
12/27/2021,50718.11,96.068,40
12/28/2021,47543.3,96.153,41
12/29/2021,46483.36,95.886,27
12/30/2021,47150.71,95.999,22
12/31/2021,46214.37,95.67,28
1/1/2022,47777.42,95.87,21
1/2/2022,47350.22,96.07,29
1/3/2022,46439.89,96.226,29
1/4/2022,45820,96.282,23
1/5/2022,43435.8,96.186,24
1/6/2022,43097.6,96.241,15
1/7/2022,41535.66,95.739,18
1/8/2022,41690.77,95.839,10
1/9/2022,41875.81,95.939,23
1/10/2022,41845.42,95.947,23
1/11/2022,42736,95.601,21
1/12/2022,43933.5,94.987,22
1/13/2022,42571.94,94.859,21
1/14/2022,43102.35,95.167,21
1/15/2022,43102.01,95.167,23
1/16/2022,43107.7,95.167,21
1/17/2022,42255.07,95.252,22
1/18/2022,42377.4,95.725,24
1/19/2022,41683.21,95.617,24
1/20/2022,40736.05,95.77,24
1/21/2022,36495.46,95.636,19
1/22/2022,35091.11,95.736,13
1/23/2022,36293.62,95.836,11
1/24/2022,36724.99,95.868,13
1/25/2022,36975.91,95.965,12
1/26/2022,36829.32,96.536,23
1/27/2022,37208.36,97.204,20
1/28/2022,37748.36,97.217,24
1/29/2022,38192.65,97.017,24
1/30/2022,37941.82,96.817,29
1/31/2022,38491.92,96.648,20
2/1/2022,38733.04,96.269,26
2/2/2022,36923.5,95.993,28
2/3/2022,37320.11,95.352,20
2/4/2022,41579.57,95.478,20
2/5/2022,41427.72,95.478,33
2/6/2022,42420.24,95.478,37
2/7/2022,43869.04,95.414,45
2/8/2022,44091.56,95.626,48
2/9/2022,44426.84,95.558,54
2/10/2022,43524.6,95.793,50
2/11/2022,42406.19,96.034,50
2/12/2022,42241.11,96.134,44
2/13/2022,42077.74,96.234,44
2/14/2022,42540.3,96.289,46
2/15/2022,44582.48,95.985,46
2/16/2022,43901.48,95.783,51
2/17/2022,40556.11,95.802,52
2/18/2022,39996.99,96.106,30
2/19/2022,40109.02,96.106,25
2/20/2022,38373.9,96.106,27
2/21/2022,37076.6,96.134,25
2/22/2022,38269.94,96.067,20
2/23/2022,37274.18,96.196,25
2/24/2022,38376.88,97.049,23
2/25/2022,39231.64,96.541,27
2/26/2022,39146.66,96.641,26
2/27/2022,37712.68,96.741,26
2/28/2022,43178.98,96.747,20
3/1/2022,44443.96,97.393,51
3/2/2022,43936.72,97.356,52
3/3/2022,42476.26,97.727,39
3/4/2022,39175.56,98.509,33
3/5/2022,39416.79,98.709,22
3/6/2022,38438.89,98.909,22
3/7/2022,38016.47,99.241,23
3/8/2022,38753.65,99.082,21
3/9/2022,41960.02,98.001,22
3/10/2022,39444.45,98.521,28
3/11/2022,38729.79,99.126,22
3/12/2022,38822.02,99.126,22
3/13/2022,37790.54,99.126,21
3/14/2022,39665.71,99.091,23
3/15/2022,39302.7,99.014,21
3/16/2022,41142.76,98.404,24
3/17/2022,40963.22,98.016,27
3/18/2022,41794.37,98.229,25
3/19/2022,42235.31,98.329,28
3/20/2022,41242.14,98.429,31
3/21/2022,41043.14,98.475,30
3/22/2022,42393.41,98.42,26
3/23/2022,42925.41,98.612,31
3/24/2022,44025.99,98.771,40
3/25/2022,44320.6,98.807,47
3/26/2022,44535.65,98.907,51
3/27/2022,46864.39,99.007,49
3/28/2022,47152.38,99.125,60
3/29/2022,47459.03,98.409,56
3/30/2022,47068.08,97.838,55
3/31/2022,45517.27,98.348,52
4/1/2022,46307.81,98.566,50
4/2/2022,45820.28,98.666,52
4/3/2022,46401.57,98.766,48
4/4/2022,46598.2,98.989,52
4/5/2022,45502.73,99.48,53
4/6/2022,43191.59,99.623,48
4/7/2022,43454.53,99.748,34
4/8/2022,42290.11,99.837,37
4/9/2022,42767.89,99.837,30
4/10/2022,42133.85,99.837,34
4/11/2022,39524.86,99.975,32
4/12/2022,40097.46,100.313,20
4/13/2022,41147.74,99.848,25
4/14/2022,39961.53,100.338,28
4/15/2022,40563.18,100.499,22
4/16/2022,40395.67,100.599,28
4/17/2022,39691.27,100.699,28
4/18/2022,40814.6,100.82,24
4/19/2022,41505.77,100.997,27
4/20/2022,41375.85,100.342,27
4/21/2022,40470.76,100.625,27
4/22/2022,39726.03,101.118,26
4/23/2022,39421.59,101.318,24
4/24/2022,39467.4,101.518,24
4/25/2022,40441.11,101.735,23
4/26/2022,38137.67,102.3,27
4/27/2022,39256.05,102.994,21
4/28/2022,39754.2,103.668,24
4/29/2022,38593.42,103.212,23
4/30/2022,37639.8,103.312,20
5/1/2022,38488.34,103.412,22
5/2/2022,38521.01,103.603,28
5/3/2022,37729.95,103.455,27
5/4/2022,39685.23,102.509,21
5/5/2022,36533.93,103.549,27
5/6/2022,36019.22,103.658,22
5/7/2022,35463.46,103.658,23
5/8/2022,34025.5,103.658,18
5/9/2022,30082,103.755,11
5/10/2022,30999.97,103.92,10
5/11/2022,29000,104.003,12
5/12/2022,28896.19,104.749,12
5/13/2022,29238.81,104.465,10
5/14/2022,30033.96,104.365,9
5/15/2022,31295.03,104.265,10
5/16/2022,29832.45,104.188,14
5/17/2022,30425.36,103.299,8
5/18/2022,28681.26,103.902,12
5/19/2022,30290.33,102.868,13
5/20/2022,29176.7,103.025,13
5/21/2022,29421.05,102.725,13
5/22/2022,30264.66,102.425,14
5/23/2022,29081.76,102.092,10
5/24/2022,29632.15,101.768,12
5/25/2022,29510.15,102.074,11
5/26/2022,29183.06,101.757,12
5/27/2022,28589.48,101.635,12
5/28/2022,29010.82,101.535,13
5/29/2022,29448.94,101.435,14
5/30/2022,31731.22,101.297,10
5/31/2022,31762.76,101.782,16
6/1/2022,29787.4,102.542,17
6/2/2022,30437.18,101.747,13
6/3/2022,29669.39,102.169,10
6/4/2022,29853.51,102.269,14
6/5/2022,29888.98,102.369,10
6/6/2022,31351.21,102.412,13
6/7/2022,31115.82,102.331,15
6/8/2022,30185.58,102.545,17
6/9/2022,30089.03,103.306,11
6/10/2022,29065.66,104.189,13
6/11/2022,28390.94,104.489,12
6/12/2022,26585.1,104.789,14
6/13/2022,22450.43,105.2,11
6/14/2022,22097.3,105.477,8
6/15/2022,22555.27,104.849,7
6/16/2022,20382.88,103.801,7
6/17/2022,20440.7,104.65,9
6/18/2022,18956.8,104.55,6
6/19/2022,20552.82,104.45,6
6/20/2022,20555.44,104.48,9
6/21/2022,20712.29,104.425,9
6/22/2022,19963.68,104.184,11
6/23/2022,21093.42,104.402,11
6/24/2022,21215.42,104.121,11
